{
  "last_intensity": 0.10000115505850335,
  "last_coherence": 0.8499885003365862
}