{
  "axes_9d": {
    "stress_load": 0.020000015913775704,
    "social_warmth": 0.020000000000000004,
    "drive_level": 0.020000000000000004,
    "cognitive_clarity": 0.020000000000000004,
    "joy_level": 0.020000000000000004,
    "primary_axis": 0.020000015913775704,
    "secondary_axis": 0.020000000000000004,
    "affective_stability": 0.020000000000000004,
    "social_orientation": 0.020000000000000004
  },
  "momentum": {},
  "emotion_label": "Calm"
}