{
  "last_color_axes": {
    "stress": 7.419769397054332e-05,
    "warmth": 0.00010472696871906994,
    "clarity": 0.00010471959816467561,
    "drive": 6.847050649200559e-05,
    "calm": 8.659505232834063e-05
  },
  "last_intensity": 0.10027867026539537
}